rate_date,from_currency,to_currency,exchange_rate
2026-01-01,USD,INR,85.6653
2026-01-02,USD,INR,85.1734
2026-01-03,USD,INR,84.762
2026-01-04,USD,INR,85.3184
2026-01-05,USD,INR,85.6476
2026-01-06,USD,INR,87.0854
2026-01-07,USD,INR,86.3855
2026-01-08,USD,INR,85.5374
2026-01-09,USD,INR,88.0424
2026-01-10,USD,INR,87.4108
2026-01-11,USD,INR,85.1704
2026-01-12,USD,INR,87.0428
2026-01-13,USD,INR,86.8348
2026-01-14,USD,INR,85.452
2026-01-15,USD,INR,87.7809
2026-01-16,USD,INR,86.6667
2026-01-17,USD,INR,85.4132
2026-01-18,USD,INR,86.0719
2026-01-19,USD,INR,84.8498
2026-01-20,USD,INR,84.6258
2026-01-21,USD,INR,86.154
2026-01-22,USD,INR,86.7235
2026-01-23,USD,INR,86.2645
2026-01-24,USD,INR,86.9901
2026-01-25,USD,INR,85.1863
2026-01-26,USD,INR,85.1584
2026-01-27,USD,INR,85.2975
2026-01-28,USD,INR,87.5253
2026-01-29,USD,INR,86.0993
2026-01-30,USD,INR,88.4343
2026-01-31,USD,INR,87.1223
2026-02-01,USD,INR,86.3724
2026-02-02,USD,INR,84.5758
2026-02-03,USD,INR,84.7973
2026-02-04,USD,INR,87.5115
2026-02-05,USD,INR,88.4239
2026-02-06,USD,INR,86.7676
2026-02-07,USD,INR,86.5673
2026-02-08,USD,INR,85.4728
2026-02-09,USD,INR,87.7723
2026-02-10,USD,INR,87.9823
2026-02-11,USD,INR,85.0959
2026-02-12,USD,INR,87.6956
2026-02-13,USD,INR,85.2028
2026-02-14,USD,INR,86.7005
2026-02-15,USD,INR,85.0547
2026-02-16,USD,INR,87.7576
2026-02-17,USD,INR,84.8584
2026-02-18,USD,INR,87.2919
2026-02-19,USD,INR,87.0171
2026-02-20,USD,INR,87.1833
2026-02-21,USD,INR,85.8544
2026-02-22,USD,INR,88.2704
2026-02-23,USD,INR,84.8329
2026-02-24,USD,INR,87.2266
2026-02-25,USD,INR,84.5841
2026-02-26,USD,INR,85.5092
2026-02-27,USD,INR,84.9623
2026-02-28,USD,INR,88.0107
2026-03-01,USD,INR,88.2735
2026-03-02,USD,INR,86.8786
2026-03-03,USD,INR,86.805
2026-03-04,USD,INR,88.4754
2026-03-05,USD,INR,85.2186
2026-03-06,USD,INR,87.4861
2026-03-07,USD,INR,84.5419
2026-03-08,USD,INR,84.6142
2026-03-09,USD,INR,88.181
2026-03-10,USD,INR,85.2021
2026-03-11,USD,INR,86.3327
2026-03-12,USD,INR,84.8883
2026-03-13,USD,INR,87.1579
2026-03-14,USD,INR,87.502
2026-03-15,USD,INR,85.1366
2026-03-16,USD,INR,88.318
2026-03-17,USD,INR,88.231
2026-03-18,USD,INR,86.4125
2026-03-19,USD,INR,84.7701
2026-03-20,USD,INR,84.5159
2026-03-21,USD,INR,86.6098
2026-03-22,USD,INR,85.0905
2026-03-23,USD,INR,88.2611
2026-03-24,USD,INR,84.5812
2026-03-25,USD,INR,86.9341
2026-03-26,USD,INR,88.2936
2026-03-27,USD,INR,86.0246
2026-03-28,USD,INR,87.0014
2026-03-29,USD,INR,86.2763
2026-03-30,USD,INR,84.9859
2026-03-31,USD,INR,85.4097
2026-04-01,USD,INR,85.799
2026-04-02,USD,INR,87.7388
2026-04-03,USD,INR,87.8831
2026-04-04,USD,INR,88.3131
2026-04-05,USD,INR,86.2551
2026-04-06,USD,INR,86.276
2026-04-07,USD,INR,88.2609
2026-04-08,USD,INR,85.6896
2026-04-09,USD,INR,86.2838
2026-04-10,USD,INR,86.9882
2026-04-11,USD,INR,86.378
2026-04-12,USD,INR,87.94
2026-04-13,USD,INR,87.7723
2026-04-14,USD,INR,84.9066
2026-04-15,USD,INR,86.6917
2026-04-16,USD,INR,85.3183
2026-04-17,USD,INR,88.4557
2026-04-18,USD,INR,85.6779
2026-04-19,USD,INR,88.4148
2026-04-20,USD,INR,88.4806
2026-04-21,USD,INR,85.3994
2026-04-22,USD,INR,87.2693
2026-04-23,USD,INR,85.8017
2026-04-24,USD,INR,87.7004
2026-04-25,USD,INR,85.4194
2026-04-26,USD,INR,85.0138
2026-04-27,USD,INR,85.841
2026-04-28,USD,INR,86.646
2026-04-29,USD,INR,85.3307
2026-04-30,USD,INR,86.6963
2026-05-01,USD,INR,88.1479
2026-05-02,USD,INR,86.6529
2026-05-03,USD,INR,86.0121
2026-05-04,USD,INR,85.5546
2026-05-05,USD,INR,87.9626
2026-05-06,USD,INR,86.3086
2026-05-07,USD,INR,85.2025
2026-05-08,USD,INR,85.7081
2026-05-09,USD,INR,87.4397
2026-05-10,USD,INR,87.7991
2026-05-11,USD,INR,85.7012
2026-05-12,USD,INR,87.8909
2026-05-13,USD,INR,87.1806
2026-05-14,USD,INR,85.0001
2026-05-15,USD,INR,88.4469
2026-05-16,USD,INR,87.0455
2026-05-17,USD,INR,87.2237
2026-05-18,USD,INR,86.9473
2026-05-19,USD,INR,87.4516
2026-05-20,USD,INR,87.6985
2026-05-21,USD,INR,86.5554
2026-05-22,USD,INR,86.7471
2026-05-23,USD,INR,87.8457
2026-05-24,USD,INR,85.4033
2026-05-25,USD,INR,87.2647
2026-05-26,USD,INR,88.0275
2026-05-27,USD,INR,88.0273
2026-05-28,USD,INR,88.2908
2026-05-29,USD,INR,86.5435
2026-05-30,USD,INR,87.7042
2026-05-31,USD,INR,87.8243
2026-06-01,USD,INR,86.9571
2026-06-02,USD,INR,85.9007
2026-06-03,USD,INR,88.46
2026-06-04,USD,INR,87.505
2026-06-05,USD,INR,86.603
2026-06-06,USD,INR,84.554
2026-06-07,USD,INR,86.6027
2026-06-08,USD,INR,86.0496
2026-06-09,USD,INR,88.0691
2026-06-10,USD,INR,85.9568
2026-06-11,USD,INR,88.2807
2026-06-12,USD,INR,85.476
2026-06-13,USD,INR,86.8384
2026-06-14,USD,INR,85.9249
2026-06-15,USD,INR,87.4724
2026-06-16,USD,INR,87.9865
2026-06-17,USD,INR,84.928
2026-06-18,USD,INR,85.3612
2026-06-19,USD,INR,86.4621
2026-06-20,USD,INR,86.0744
2026-06-21,USD,INR,88.49
2026-06-22,USD,INR,85.1292
2026-06-23,USD,INR,86.5522
2026-06-24,USD,INR,85.996
2026-06-25,USD,INR,86.6814
2026-06-26,USD,INR,88.4273
2026-06-27,USD,INR,84.9677
2026-06-28,USD,INR,86.0902
2026-06-29,USD,INR,86.3295
2026-06-30,USD,INR,85.888
