shipment_id,po_number,ship_date,delivery_date,promised_delivery_date,carrier,cost_inr
SHIP-001,PO-031,2026-02-24,2026-02-23,2026-03-01,Carrier E,25068
SHIP-002,PO-001,2026-05-12,2026-05-10,2026-05-14,Carrier E,13005
SHIP-003,PO-059,2026-01-09,2026-01-18,2026-01-17,Carrier C,28460
SHIP-004,PO-067,2026-03-08,2026-02-27,2026-03-15,Carrier C,21775
SHIP-005,PO-042,2026-02-05,2026-02-09,2026-01-27,Carrier A,29331
SHIP-006,PO-022,2026-02-18,2026-02-22,2026-02-22,Carrier E,69191
SHIP-007,PO-026,2026-05-07,2026-05-16,2026-05-15,Carrier B,72446
SHIP-008,PO-056,2026-03-27,2026-04-06,2026-03-13,Carrier D,58319
SHIP-009,PO-050,2026-03-12,2026-03-19,2026-03-17,Carrier E,10278
SHIP-010,PO-043,2026-03-10,2026-03-12,2026-03-09,Carrier A,51271
SHIP-011,PO-018,2026-06-13,2026-06-19,2026-06-18,Carrier A,26470
SHIP-012,PO-017,2026-04-15,2026-04-20,2026-04-23,Carrier A,60422
SHIP-013,PO-037,2026-05-30,2026-06-07,2026-06-05,Carrier B,36604
SHIP-014,PO-074,2026-04-10,2026-04-22,2026-04-22,Carrier B,53804
SHIP-015,PO-053,2026-01-20,2026-01-30,2026-02-02,Carrier D,60466
SHIP-016,PO-013,2026-02-08,2026-02-15,2026-02-17,Carrier B,45462
SHIP-017,PO-072,2026-03-21,2026-03-30,2026-03-31,Carrier E,68151
SHIP-018,PO-052,2026-05-01,2026-05-06,2026-05-08,Carrier B,20185
SHIP-019,PO-009,2026-06-02,2026-06-09,2026-06-11,Carrier E,25718
SHIP-020,PO-003,2026-05-28,2026-06-01,2026-05-30,Carrier D,29811
SHIP-021,PO-039,2026-02-05,2026-02-07,2026-02-08,Carrier B,40223
SHIP-022,PO-073,2026-05-17,2026-05-24,2026-05-24,Carrier A,67465
SHIP-023,PO-066,2026-05-30,2026-06-08,2026-06-07,Carrier C,68985
SHIP-024,PO-007,2026-05-28,2026-05-31,2026-06-03,Carrier B,34175
SHIP-025,PO-005,2026-04-28,2026-05-07,2026-05-07,Carrier E,11322
SHIP-026,PO-021,2026-02-21,2026-03-05,2026-03-06,Carrier C,38404
SHIP-027,PO-034,2026-05-06,2026-05-09,2026-05-09,Carrier D,50343
SHIP-028,PO-010,2026-05-13,2026-05-23,2026-05-26,Carrier E,17885
SHIP-029,PO-024,2026-04-11,2026-04-17,2026-04-14,Carrier A,10488
SHIP-030,PO-057,2026-01-13,2026-01-23,2026-01-23,Carrier E,19260
SHIP-031,PO-019,2026-03-14,2026-03-26,2026-03-29,Carrier E,64895
SHIP-032,PO-002,2026-06-20,2026-06-29,2026-06-30,Carrier A,25067
SHIP-033,PO-020,2026-05-20,2026-05-24,2026-05-21,Carrier A,56358
SHIP-034,PO-012,2026-05-12,2026-05-16,2026-05-17,Carrier C,7390
SHIP-035,PO-071,2026-04-03,2026-04-06,2026-04-09,Carrier E,73264
SHIP-036,PO-006,2026-01-22,2026-01-29,2026-01-31,Carrier B,45243
SHIP-037,PO-063,2026-05-05,2026-05-10,2026-05-09,Carrier D,36789
SHIP-038,PO-027,2026-06-15,2026-06-20,2026-06-21,Carrier C,59901
SHIP-039,PO-051,2026-06-06,2026-06-15,2026-06-13,Carrier E,29154
SHIP-040,PO-011,2026-03-21,2026-03-26,2026-03-29,Carrier A,67431
SHIP-041,PO-058,2026-02-15,2026-02-23,2026-02-23,Carrier E,7142
SHIP-042,PO-036,2026-05-23,2026-05-28,2026-05-28,Carrier A,74407
SHIP-043,PO-062,2026-06-14,2026-06-18,2026-06-17,Carrier B,73334
SHIP-044,PO-045,2026-05-05,2026-05-11,2026-05-14,Carrier D,8446
SHIP-045,PO-054,2026-05-13,2026-05-24,2026-05-27,Carrier E,26805
SHIP-046,PO-069,2026-06-10,2026-06-13,2026-06-14,Carrier C,33416
SHIP-047,PO-028,2026-05-08,2026-05-11,2026-05-12,Carrier B,64937
SHIP-048,PO-035,2026-03-29,2026-04-01,2026-04-04,Carrier A,59514
SHIP-049,PO-070,2026-05-25,2026-05-27,2026-05-25,Carrier B,11699
SHIP-050,PO-033,2026-02-17,2026-02-21,2026-02-22,Carrier C,54052
SHIP-051,PO-048,2026-02-20,2026-02-26,2026-02-24,Carrier A,33646
SHIP-052,PO-064,2026-04-25,2026-05-07,2026-05-10,Carrier E,20163
SHIP-053,PO-068,2026-05-01,2026-05-11,2026-05-13,Carrier A,51618
SHIP-054,PO-046,2026-03-05,2026-03-14,2026-03-17,Carrier E,9543
SHIP-055,PO-041,2026-06-05,2026-06-17,2026-06-19,Carrier D,11162
