mfg_order_id,order_ref,production_date,materials_used_kg,production_hours,batch_id
MO-001,PO-071,2026-04-02,482,53,BATCH-APR-001
MO-002,PO-061,2026-02-12,224,11,BATCH-FEB-002
MO-003,PO-040,2026-02-21,372,26,BATCH-FEB-003
MO-004,PO-025,2026-03-24,79,22,BATCH-MAR-004
MO-005,PO-021,2026-02-15,733,8,BATCH-FEB-005
MO-006,PO-053,2026-01-18,115,55,BATCH-JAN-006
MO-007,PO-020,2026-05-17,271,27,BATCH-MAY-007
MO-008,PO-063,2026-05-01,674,39,BATCH-MAY-008
MO-009,PO-001,2026-05-06,158,49,BATCH-MAY-009
MO-010,PO-046,2026-02-27,159,17,BATCH-FEB-010
MO-011,PO-070,2026-05-21,318,46,BATCH-MAY-011
MO-012,PO-005,2026-04-25,406,68,BATCH-APR-012
MO-013,PO-041,2026-06-03,173,39,BATCH-JUN-013
MO-014,PO-012,2026-05-11,749,66,BATCH-MAY-014
MO-015,PO-006,2026-01-21,403,18,BATCH-JAN-015
MO-016,PO-069,2026-06-05,139,71,BATCH-JUN-016
MO-017,PO-024,2026-04-08,321,36,BATCH-APR-017
MO-018,PO-035,2026-03-25,382,63,BATCH-MAR-018
MO-019,PO-047,2026-03-23,625,50,BATCH-MAR-019
MO-020,PO-017,2026-04-10,722,71,BATCH-APR-020
MO-021,PO-009,2026-06-01,371,30,BATCH-JUN-021
MO-022,PO-066,2026-05-25,524,36,BATCH-MAY-022
MO-023,PO-048,2026-02-19,408,60,BATCH-FEB-023
MO-024,PO-007,2026-05-26,440,35,BATCH-MAY-024
MO-025,PO-002,2026-06-15,502,24,BATCH-JUN-025
MO-026,PO-058,2026-02-10,324,50,BATCH-FEB-026
MO-027,PO-014,2026-04-30,377,42,BATCH-APR-027
MO-028,PO-045,2026-05-02,319,26,BATCH-MAY-028
MO-029,PO-038,2026-03-23,691,42,BATCH-MAR-029
MO-030,PO-060,2026-01-21,389,26,BATCH-JAN-030
MO-031,PO-037,2026-05-24,176,42,BATCH-MAY-031
MO-032,PO-003,2026-05-27,638,66,BATCH-MAY-032
MO-033,PO-026,2026-05-09,459,10,BATCH-MAY-033
MO-034,PO-072,2026-03-15,387,60,BATCH-MAR-034
MO-035,PO-050,2026-03-10,147,71,BATCH-MAR-035
MO-036,PO-034,2026-04-30,579,34,BATCH-APR-036
MO-037,PO-011,2026-03-17,410,50,BATCH-MAR-037
MO-038,PO-033,2026-02-14,459,30,BATCH-FEB-038
MO-039,PO-052,2026-04-30,323,40,BATCH-APR-039
MO-040,PO-074,2026-04-08,392,61,BATCH-APR-040
MO-041,PO-010,2026-05-08,544,51,BATCH-MAY-041
MO-042,PO-042,2026-02-01,88,36,BATCH-FEB-042
MO-043,PO-022,2026-02-06,726,42,BATCH-FEB-043
MO-044,PO-056,2026-03-24,68,34,BATCH-MAR-044
MO-045,PO-068,2026-04-27,577,43,BATCH-APR-045
MO-046,PO-051,2026-06-05,695,55,BATCH-JUN-046
MO-047,PO-059,2026-01-10,619,32,BATCH-JAN-047
MO-048,PO-019,2026-03-10,61,20,BATCH-MAR-048
MO-049,PO-057,2026-01-12,387,36,BATCH-JAN-049
MO-050,PO-043,2026-03-06,261,29,BATCH-MAR-050
MO-051,PO-065,2026-02-09,136,61,BATCH-FEB-051
MO-052,PO-036,2026-05-19,747,25,BATCH-MAY-052
MO-053,PO-031,2026-02-22,78,42,BATCH-FEB-053
MO-054,PO-023,2026-02-06,95,31,BATCH-FEB-054
MO-055,PO-018,2026-06-08,575,37,BATCH-JUN-055
MO-056,PO-027,2026-06-11,723,51,BATCH-JUN-056
MO-057,PO-062,2026-06-10,405,48,BATCH-JUN-057
MO-058,PO-064,2026-04-19,541,40,BATCH-APR-058
MO-059,PO-013,2026-02-04,384,40,BATCH-FEB-059
MO-060,PO-073,2026-05-14,709,70,BATCH-MAY-060
MO-061,PO-028,2026-05-03,72,69,BATCH-MAY-061
MO-062,PO-039,2026-02-01,309,67,BATCH-FEB-062
MO-063,PO-067,2026-03-06,426,43,BATCH-MAR-063
MO-064,PO-054,2026-05-10,459,46,BATCH-MAY-064
MO-065,PO-049,2026-03-13,645,14,BATCH-MAR-065
