vendor_id,vendor_name,country,vendor_category,vendor_status
V001,Vendor A,India,Raw Materials,ACTIVE
V002,Vendor B,India,Components,ACTIVE
V003,Vendor C,India,Packaging,ACTIVE
V004,Vendor D,USA,Components,ACTIVE
V005,Vendor E,Germany,Specialty Materials,ACTIVE
V006,Vendor F,Japan,Electronics,ACTIVE
V007,Vendor G,Singapore,Components,ACTIVE
V008,Vendor H,India,Packaging,ACTIVE
V009,Vendor I,USA,Raw Materials,ACTIVE
V010,Vendor J,Germany,Components,ACTIVE
V011,Vendor K,South Korea,Electronics,ACTIVE
V012,Vendor L,India,Specialty Materials,ACTIVE
